{
  "LIGHT_UNI:Single LTL" : {
    "transaction" : "LIGHT_UNI:Single LTL",
    "sampleCount" : 100,
    "errorCount" : 0,
    "errorPct" : 0.0,
    "meanResTime" : 11167.32,
    "medianResTime" : 10136.5,
    "minResTime" : 9440.0,
    "maxResTime" : 25252.0,
    "pct1ResTime" : 14424.2,
    "pct2ResTime" : 18388.149999999994,
    "pct3ResTime" : 25236.98999999999,
    "throughput" : 0.055631832979885755,
    "receivedKBytesPerSec" : 0.12506296828095412,
    "sentKBytesPerSec" : 0.0
  },
  "LOAD_UNI:Single LTL" : {
    "transaction" : "LOAD_UNI:Single LTL",
    "sampleCount" : 317,
    "errorCount" : 0,
    "errorPct" : 0.0,
    "meanResTime" : 62241.66246056782,
    "medianResTime" : 62319.0,
    "minResTime" : 10119.0,
    "maxResTime" : 100073.0,
    "pct1ResTime" : 100050.2,
    "pct2ResTime" : 100055.0,
    "pct3ResTime" : 100063.64,
    "throughput" : 0.17533360398499542,
    "receivedKBytesPerSec" : 0.25518890847641185,
    "sentKBytesPerSec" : 0.0
  },
  "LIGHT_UNI:Multi Stop TL" : {
    "transaction" : "LIGHT_UNI:Multi Stop TL",
    "sampleCount" : 99,
    "errorCount" : 0,
    "errorPct" : 0.0,
    "meanResTime" : 1112.1010101010104,
    "medianResTime" : 1101.0,
    "minResTime" : 1025.0,
    "maxResTime" : 1641.0,
    "pct1ResTime" : 1172.0,
    "pct2ResTime" : 1245.0,
    "pct3ResTime" : 1641.0,
    "throughput" : 0.05610743610553185,
    "receivedKBytesPerSec" : 0.05802517073804515,
    "sentKBytesPerSec" : 0.0
  },
  "Total" : {
    "transaction" : "Total",
    "sampleCount" : 1210,
    "errorCount" : 0,
    "errorPct" : 0.0,
    "meanResTime" : 18675.347107438054,
    "medianResTime" : 3391.0,
    "minResTime" : 998.0,
    "maxResTime" : 100073.0,
    "pct1ResTime" : 100037.0,
    "pct2ResTime" : 100044.0,
    "pct3ResTime" : 100056.0,
    "throughput" : 0.6692544505420961,
    "receivedKBytesPerSec" : 0.9836647943328529,
    "sentKBytesPerSec" : 0.0
  },
  "LIGHT_UNI:Single TL" : {
    "transaction" : "LIGHT_UNI:Single TL",
    "sampleCount" : 100,
    "errorCount" : 0,
    "errorPct" : 0.0,
    "meanResTime" : 2607.56,
    "medianResTime" : 2595.0,
    "minResTime" : 2437.0,
    "maxResTime" : 3057.0,
    "pct1ResTime" : 2744.7000000000003,
    "pct2ResTime" : 2834.9,
    "pct3ResTime" : 3055.329999999999,
    "throughput" : 0.056017921253367374,
    "receivedKBytesPerSec" : 0.09633550715544917,
    "sentKBytesPerSec" : 0.0
  },
  "LOAD_UNI:Multi Stop TL" : {
    "transaction" : "LOAD_UNI:Multi Stop TL",
    "sampleCount" : 297,
    "errorCount" : 0,
    "errorPct" : 0.0,
    "meanResTime" : 1137.885521885521,
    "medianResTime" : 1118.0,
    "minResTime" : 998.0,
    "maxResTime" : 2503.0,
    "pct1ResTime" : 1222.6,
    "pct2ResTime" : 1286.3999999999999,
    "pct3ResTime" : 1488.6399999999885,
    "throughput" : 0.16688205877395065,
    "receivedKBytesPerSec" : 0.17258603539220094,
    "sentKBytesPerSec" : 0.0
  },
  "LOAD_UNI:Single TL" : {
    "transaction" : "LOAD_UNI:Single TL",
    "sampleCount" : 297,
    "errorCount" : 0,
    "errorPct" : 0.0,
    "meanResTime" : 3505.134680134679,
    "medianResTime" : 3459.0,
    "minResTime" : 3103.0,
    "maxResTime" : 5555.0,
    "pct1ResTime" : 3783.4,
    "pct2ResTime" : 3945.0999999999995,
    "pct3ResTime" : 4440.099999999991,
    "throughput" : 0.1666581560649821,
    "receivedKBytesPerSec" : 0.2866064578422202,
    "sentKBytesPerSec" : 0.0
  }
}