{
  "Get TMS Route Guide" : {
    "transaction" : "Get TMS Route Guide",
    "sampleCount" : 50,
    "errorCount" : 0,
    "errorPct" : 0.0,
    "meanResTime" : 8257.14,
    "medianResTime" : 9422.5,
    "minResTime" : 2143.0,
    "maxResTime" : 14193.0,
    "pct1ResTime" : 11961.8,
    "pct2ResTime" : 12583.55,
    "pct3ResTime" : 14193.0,
    "throughput" : 0.4878715141580313,
    "receivedKBytesPerSec" : 0.867058214048748,
    "sentKBytesPerSec" : 0.43508229172765056
  },
  "Total" : {
    "transaction" : "Total",
    "sampleCount" : 50,
    "errorCount" : 0,
    "errorPct" : 0.0,
    "meanResTime" : 8257.14,
    "medianResTime" : 9422.5,
    "minResTime" : 2143.0,
    "maxResTime" : 14193.0,
    "pct1ResTime" : 11961.8,
    "pct2ResTime" : 12583.55,
    "pct3ResTime" : 14193.0,
    "throughput" : 0.4878715141580313,
    "receivedKBytesPerSec" : 0.867058214048748,
    "sentKBytesPerSec" : 0.43508229172765056
  }
}