{
  "LIGHT:Multi Stop TL" : {
    "transaction" : "LIGHT:Multi Stop TL",
    "sampleCount" : 100,
    "errorCount" : 0,
    "errorPct" : 0.0,
    "meanResTime" : 577.6800000000002,
    "medianResTime" : 508.5,
    "minResTime" : 358.0,
    "maxResTime" : 1444.0,
    "pct1ResTime" : 879.8000000000002,
    "pct2ResTime" : 1126.7999999999995,
    "pct3ResTime" : 1443.2899999999997,
    "throughput" : 0.05625274583715618,
    "receivedKBytesPerSec" : 0.032309621546995515,
    "sentKBytesPerSec" : 0.0
  },
  "LIGHT:Single LTL" : {
    "transaction" : "LIGHT:Single LTL",
    "sampleCount" : 100,
    "errorCount" : 0,
    "errorPct" : 0.0,
    "meanResTime" : 9400.390000000003,
    "medianResTime" : 8795.0,
    "minResTime" : 4785.0,
    "maxResTime" : 30003.0,
    "pct1ResTime" : 13759.400000000001,
    "pct2ResTime" : 15074.599999999997,
    "pct3ResTime" : 29903.10999999995,
    "throughput" : 0.05594978394990928,
    "receivedKBytesPerSec" : 0.10733561726179519,
    "sentKBytesPerSec" : 0.0
  },
  "LIGHT:Single TL" : {
    "transaction" : "LIGHT:Single TL",
    "sampleCount" : 100,
    "errorCount" : 0,
    "errorPct" : 0.0,
    "meanResTime" : 1695.71,
    "medianResTime" : 1615.0,
    "minResTime" : 595.0,
    "maxResTime" : 3552.0,
    "pct1ResTime" : 2638.3,
    "pct2ResTime" : 2818.85,
    "pct3ResTime" : 3551.0499999999997,
    "throughput" : 0.056197992270528144,
    "receivedKBytesPerSec" : 0.052531402559987145,
    "sentKBytesPerSec" : 0.0
  },
  "Total" : {
    "transaction" : "Total",
    "sampleCount" : 3173,
    "errorCount" : 0,
    "errorPct" : 0.0,
    "meanResTime" : 9066.77938859124,
    "medianResTime" : 2921.0,
    "minResTime" : 305.0,
    "maxResTime" : 100146.0,
    "pct1ResTime" : 27747.2,
    "pct2ResTime" : 32681.199999999986,
    "pct3ResTime" : 50493.579999999994,
    "throughput" : 1.743890475104356,
    "receivedKBytesPerSec" : 2.0807246868293126,
    "sentKBytesPerSec" : 0.0
  },
  "LOAD:Single LTL" : {
    "transaction" : "LOAD:Single LTL",
    "sampleCount" : 969,
    "errorCount" : 0,
    "errorPct" : 0.0,
    "meanResTime" : 23931.46955624353,
    "medianResTime" : 22793.0,
    "minResTime" : 4256.0,
    "maxResTime" : 100146.0,
    "pct1ResTime" : 36130.0,
    "pct2ResTime" : 44038.0,
    "pct3ResTime" : 68863.99999999991,
    "throughput" : 0.5325653546725878,
    "receivedKBytesPerSec" : 1.0445560186342915,
    "sentKBytesPerSec" : 0.0
  },
  "LOAD:Single TL" : {
    "transaction" : "LOAD:Single TL",
    "sampleCount" : 953,
    "errorCount" : 0,
    "errorPct" : 0.0,
    "meanResTime" : 3435.0,
    "medianResTime" : 3069.0,
    "minResTime" : 552.0,
    "maxResTime" : 9028.0,
    "pct1ResTime" : 6046.0,
    "pct2ResTime" : 6649.299999999999,
    "pct3ResTime" : 7734.640000000001,
    "throughput" : 0.5313149683078706,
    "receivedKBytesPerSec" : 0.5531403953460042,
    "sentKBytesPerSec" : 0.0
  },
  "LOAD:Multi Stop TL" : {
    "transaction" : "LOAD:Multi Stop TL",
    "sampleCount" : 951,
    "errorCount" : 0,
    "errorPct" : 0.0,
    "meanResTime" : 1197.017875920084,
    "medianResTime" : 1085.0,
    "minResTime" : 305.0,
    "maxResTime" : 3919.0,
    "pct1ResTime" : 1943.4,
    "pct2ResTime" : 2339.6,
    "pct3ResTime" : 3103.6000000000004,
    "throughput" : 0.5314428645832169,
    "receivedKBytesPerSec" : 0.3075782116179222,
    "sentKBytesPerSec" : 0.0
  }
}